Benchmark,Mean %,Median %,Minimum %,Maximum %,Std. deviation (percentage points),Mean - median (percentage points),Tool Use,Reasoning Difficulty,Context
GDPval-AA v2,37.68999134640428,40.45454545454545,16.07142857142857,62.98701298701298,15.428639746091898,-2.7645541081411764,Agentic,Scientific,LargeComplex
Terminal-Bench v2.1,31.597314497678216,27.67195767195767,10.38961038961039,58.333333333333336,15.839969866209612,3.925356825720545,Agentic,Deep,LargeComplex
τ³-Banking,14.129885799505136,11.805555555555557,5.88235294117647,34.285714285714285,8.592646559097203,2.3243302439495785,Agentic,Deep,VeryLargeComplex
CritPt,6.924986794725482,6.08294930875576,4.0,12.727272727272727,2.659011959633167,0.8420374859697226,None,Scientific,Minimal
Humanity's Last Exam,4.992809836718649,4.782991202346041,2.0,8.49673202614379,2.199315495912239,0.20981863437260806,None,Deep,Minimal
AA-LCR,2.4395662773709423,2.0833333333333335,1.3071895424836601,4.166666666666667,0.8873895845461249,0.35623294403760886,None,Deep,VeryLargeComplex
SciCode,1.315586535430035,1.3611111111111112,0.4757281553398058,2.0,0.5089250877663588,-0.04552457568107626,None,Scientific,ShortClean
GPQA Diamond,1.0877000457545873,0.8462301587301586,0.36363636363636365,3.7037037037037033,0.8696020713933084,0.24146988702442873,None,Deep,Minimal
AA-Omniscience,0.8147771318411994,0.3855218855218855,0.16504854368932037,2.777777777777778,0.8529476314597971,0.4292552463193139,None,Simple,Minimal
